1-x-gdc-extraction-forceps-lower-molars-86-ergonomic-fx86e,1 X Gdc Extraction Forceps Lower Molars 86 Ergonomic Fx86E,1 x GDC Extraction Forceps Lo...,850.00,https://dentalstall.com/wp-content/uploads/2021/11/GDC-Extraction-Forceps-Lower-Molars-86A-Standard-FX86AS-300x300.jpg,https://dentalstall.com/shop/1-x-gdc-extraction-forceps-lower-molars-86-ergonomic-fx86e/,850.00,2024-04-22 15:12:44
3a-medes-bleaching-and-night-guard-sheets,3A Medes Bleaching And Night Guard Sheets,3A MEDES Bleaching And Night ...,1380.00,https://dentalstall.com/wp-content/uploads/2023/02/3a-medes-bleaching-and-night-guard-sheets-2-1-300x300.jpg,https://dentalstall.com/shop/3a-medes-bleaching-and-night-guard-sheets/,1380.00,2024-04-22 15:12:44
3m-espe-adper-easy-bond-self-etch-adhesive,3M Espe Adper Easy Bond Self Etch Adhesive,3m Espe Adper Easy Bond Self-...,2365.00,https://dentalstall.com/wp-content/uploads/2023/03/3mespe082010-300x300.jpg,https://dentalstall.com/shop/3m-espe-adper-easy-bond-self-etch-adhesive/,2365.00,2024-04-22 15:12:44
3m-espe-adper-scotchbond-multi-purpose-plus,3M Espe Adper Scotchbond Multi Purpose Plus,3M ESPE Adper Scotchbond Mult...,1195.00,https://dentalstall.com/wp-content/uploads/2023/01/artboard_1_copy_7-300x300.jpg,https://dentalstall.com/shop/3m-espe-adper-scotchbond-multi-purpose-plus/,1195.00,2024-04-22 15:12:44
3m-espe-adper-single-bond-universal-adhesive,3M Espe Adper Single Bond Universal Adhesive,3m Espe Adper Single Bond Uni...,2590.00,https://dentalstall.com/wp-content/uploads/2021/12/3m-Espe-Adper-Single-Bond-Universal-Adhesive-300x300.jpg,https://dentalstall.com/shop/3m-espe-adper-single-bond-universal-adhesive/,2590.00,2024-04-22 15:12:44
3m-espe-clinpro-sealant-refills,3M Espe Clinpro Sealant Refills,3m Espe Clinpro Sealant ̵...,1995.00,https://dentalstall.com/wp-content/uploads/2023/03/65e2c135c8ee024c58e0422947cbbfc0-1-300x300.jpg,https://dentalstall.com/shop/3m-espe-clinpro-sealant-refills/,1995.00,2024-04-22 15:12:44
3m-espe-clinpro-tooth-creme,3M Espe Clinpro Tooth Creme,3M ESPE Clinpro Tooth Creme...,500.00,https://dentalstall.com/wp-content/uploads/2021/12/3m-Espe-Clinpro-Tooth-Creme.-3-300x300.jpg,https://dentalstall.com/shop/3m-espe-clinpro-tooth-creme/,500.00,2024-04-22 15:12:44
3m-espe-composite-syringe-organiser,3M Espe Composite Syringe Organiser,3M Espe Composite Syringe Org...,995.00,https://dentalstall.com/wp-content/uploads/2021/12/61iV6qF-bL._SL1000_-300x300.jpg,https://dentalstall.com/shop/3m-espe-composite-syringe-organiser/,995.00,2024-04-22 15:12:44
3m-espe-elipar-deepcure-led-curing-light,3M Espe Elipar Deepcure Led Curing Light,3m Espe Elipar Deepcure Led &...,54600.00,https://dentalstall.com/wp-content/uploads/2021/12/3m-Espe-Elipar-Deepcure-Led-Curing-Light.-300x300.jpg,https://dentalstall.com/shop/3m-espe-elipar-deepcure-led-curing-light/,54600.00,2024-04-22 15:12:44
3m-espe-express-xt-vps-impression-material-refills,3M Espe Express Xt Vps Impression Material Refills,3M ESPE Express XT VPS Impres...,2860.00,https://dentalstall.com/wp-content/uploads/2023/01/Express-material-de-impresion-3M-ESPE-1200x1200-1-300x300.jpg,https://dentalstall.com/shop/3m-espe-express-xt-vps-impression-material-refills/,2860.00,2024-04-22 15:12:44
3m-espe-filtek-bulk-fill-composite-syringe-4gm,3M Espe Filtek Bulk Fill Composite Syringe 4Gm,3m Espe Filtek Bulk Fill Comp...,4495.00,https://dentalstall.com/wp-content/uploads/2023/03/4863a1-300x300.jpg,https://dentalstall.com/shop/3m-espe-filtek-bulk-fill-composite-syringe-4gm/,4495.00,2024-04-22 15:12:44
3m-espe-filtek-supreme-flowable-restorative,3M Espe Filtek Supreme Flowable Restorative,3M Espe Filtek Supreme Flowab...,1280.00,https://dentalstall.com/wp-content/uploads/2021/12/3M-Espe-Filtek-Supreme-Flowable-Restorative..-3-300x300.jpg,https://dentalstall.com/shop/3m-espe-filtek-supreme-flowable-restorative/,1280.00,2024-04-22 15:12:44
3m-espe-filtek-z250-xt-restorative-syringe,3M Espe Filtek Z250 Xt Restorative Syringe,3m Espe Filtek Z250 Xt Restor...,1280.00,https://dentalstall.com/wp-content/uploads/2021/05/3M-ESPE-Filtek-Z250-XT-Nano-Hybrid-1-300x300.jpg,https://dentalstall.com/shop/3m-espe-filtek-z250-xt-restorative-syringe/,1280.00,2024-04-22 15:12:44
3m-espe-impregum-soft-refills,3M Espe Impregum Soft Refills,3M ESPE Impregum Soft –...,4495.00,https://dentalstall.com/wp-content/uploads/2023/01/5cd92d4d2faa7-300x300.jpg,https://dentalstall.com/shop/3m-espe-impregum-soft-refills/,4495.00,2024-04-22 15:12:44
3m-espe-imprint-bite-registration-material-vps,3M Espe Imprint Bite Registration Material Vps,3M ESPE Imprint Bite Registra...,7790.00,https://dentalstall.com/wp-content/uploads/2023/01/imprint-300x300.jpg,https://dentalstall.com/shop/3m-espe-imprint-bite-registration-material-vps/,7790.00,2024-04-22 15:12:44
3m-espe-ketac-universal-glass-ionomer-restorative,3M Espe Ketac Universal Glass Ionomer Restorative,3m Espe Ketac Universal Glass...,3195.00,https://dentalstall.com/wp-content/uploads/2021/12/3m-Espe-Ketac-Universal-Glass-Ionomer-Restorative.-300x300.jpg,https://dentalstall.com/shop/3m-espe-ketac-universal-glass-ionomer-restorative/,3195.00,2024-04-22 15:12:44
3m-espe-mixing-tips-blue-pack-of-8,3M Espe Mixing Tips Blue Pack Of 8,3M Espe mixing tips (BLUE) Pa...,3255.00,https://dentalstall.com/wp-content/uploads/2021/12/3M-Espe-mixing-tips-BLUE-Pack-of-8-1-300x300.jpg,https://dentalstall.com/shop/3m-espe-mixing-tips-blue-pack-of-8/,3255.00,2024-04-22 15:12:44
3m-espe-monophase-polyether-impression-material,3M Espe Monophase Polyether Impression Material,3m Espe Monophase Polyether I...,5143.00,https://dentalstall.com/wp-content/uploads/2023/03/3m_2_3-300x300.jpg,https://dentalstall.com/shop/3m-espe-monophase-polyether-impression-material/,5143.00,2024-04-22 15:12:44
3m-espe-p-60-micro-hybrid-posterior-syringe,3M Espe P 60 Micro Hybrid Posterior Syringe,3m Espe P-60 Micro Hybrid Pos...,1770.00,https://dentalstall.com/wp-content/uploads/2023/03/79_2-300x300.jpg,https://dentalstall.com/shop/3m-espe-p-60-micro-hybrid-posterior-syringe/,1770.00,2024-04-22 15:12:44
3m-espe-pediatric-strip-crown-forms,3M Espe Pediatric Strip Crown Forms,3m Espe Pediatric Strip Crown...,1230.00,https://dentalstall.com/wp-content/uploads/2023/03/strip-crown-form-pedo-500x500_2-300x300.jpg,https://dentalstall.com/shop/3m-espe-pediatric-strip-crown-forms/,1230.00,2024-04-22 15:12:44
3m-espe-pedodontic-strip-crown-kit,3M Espe Pedodontic Strip Crown Kit,3M ESPE Pedodontic Strip Crow...,20500.00,https://dentalstall.com/wp-content/uploads/2023/01/01640263061-h-250-UK1038210_1200x1200-300x300.jpg,https://dentalstall.com/shop/3m-espe-pedodontic-strip-crown-kit/,20500.00,2024-04-22 15:12:44
3m-espe-relyx-ceramic-primer,3M Espe Relyx Ceramic Primer,3m Espe Relyx Ceramic Primer...,1640.00,https://dentalstall.com/wp-content/uploads/2023/03/e8d446_e6e099a0fe69431ab1bad4b28031ed74mv2-300x300.jpg,https://dentalstall.com/shop/3m-espe-relyx-ceramic-primer/,1640.00,2024-04-22 15:12:44
3m-espe-relyx-luting-2-refill-packs,3M Espe Relyx Luting 2 Refill Packs,3m Espe Relyx Luting 2 Refill...,4580.00,https://dentalstall.com/wp-content/uploads/2021/12/3m-Espe-Relyx-Luting-2-Refill-Packs...-300x300.jpg,https://dentalstall.com/shop/3m-espe-relyx-luting-2-refill-packs/,4580.00,2024-04-22 15:12:44
3m-espe-relyx-veneer-cement,3M Espe Relyx Veneer Cement,3m Espe Relyx Veneer Cement...,2450.00,https://dentalstall.com/wp-content/uploads/2021/12/3m-Espe-Relyx-Veneer-Cement...jpg,https://dentalstall.com/shop/3m-espe-relyx-veneer-cement/,2450.00,2024-04-22 15:12:44
3m-espe-restorative-introductory-valux-kit,3M Espe Restorative Introductory Valux Kit,3M ESPE Restorative Introduct...,4395.00,https://dentalstall.com/wp-content/uploads/2023/01/03-44-700x700-1-300x300.jpg,https://dentalstall.com/shop/3m-espe-restorative-introductory-valux-kit/,4395.00,2024-04-22 15:12:44
3m-espe-retraction-capsule,3M Espe Retraction Capsule,3M Espe Retraction Capsule...,5395.00,https://dentalstall.com/wp-content/uploads/2021/12/3M-Espe-Retraction-Capsule.-3-300x300.jpg,https://dentalstall.com/shop/3m-espe-retraction-capsule/,5395.00,2024-04-22 15:12:44
3m-espe-sof-lex-finishing-strips-refills,3M Espe Sof Lex Finishing Strips Refills,3m Espe Sof-Lex Finishing Str...,2272.00,https://dentalstall.com/wp-content/uploads/2023/03/3m_espe_sof-lex_finishing_strips_-_refill-300x300.jpg,https://dentalstall.com/shop/3m-espe-sof-lex-finishing-strips-refills/,2272.00,2024-04-22 15:12:44
3m-espe-sof-lex-polishing-discs-kits-accessories,3M Espe Sof Lex Polishing Discs Kits Accessories,3m Espe Sof-Lex Polishing Dis...,780.00,https://dentalstall.com/wp-content/uploads/2021/12/3m-Espe-Sof-Lex-Polishing-Discs-Kits-Accessories....-300x300.jpg,https://dentalstall.com/shop/3m-espe-sof-lex-polishing-discs-kits-accessories/,780.00,2024-04-22 15:12:44
3m-espe-sof-lex-spiral-wheels-trial-kit,3M Espe Sof Lex Spiral Wheels Trial Kit,3m Espe Sof-Lex Spiral Wheels...,2365.00,https://dentalstall.com/wp-content/uploads/2023/03/3m_1_1-300x300.jpg,https://dentalstall.com/shop/3m-espe-sof-lex-spiral-wheels-trial-kit/,2365.00,2024-04-22 15:12:44
3m-espe-sof-lex-spiral-wheels-diamond-polishing-system-kit,3M Espe Sof Lex Spiral Wheels Diamond Polishing System Kit,3m Espe Sof-Lex Spiral Wheels...,2830.00,https://dentalstall.com/wp-content/uploads/2023/03/dia_3_2_2-300x160.jpg,https://dentalstall.com/shop/3m-espe-sof-lex-spiral-wheels-diamond-polishing-system-kit/,2830.00,2024-04-22 15:12:44
3m-espe-sof-lex-spiral-wheels-refills,3M Espe Sof Lex Spiral Wheels Refills,3m Espe Sof-Lex Spiral Wheels...,4550.00,https://dentalstall.com/wp-content/uploads/2023/03/web_3m_sof-lex-300x300.jpg,https://dentalstall.com/shop/3m-espe-sof-lex-spiral-wheels-refills/,4550.00,2024-04-22 15:12:44
3m-espe-ss-crown-primary-molar-crown-d-1st-molar,3M Espe Ss Crown Primary Molar Crown D 1St Molar,3M Espe SS Crown Primary Mola...,620.00,https://dentalstall.com/wp-content/uploads/2023/03/3m-espe-ss-crown-pr-300x300.jpg,https://dentalstall.com/shop/3m-espe-ss-crown-primary-molar-crown-d-1st-molar/,620.00,2024-04-22 15:12:44
3m-espe-stainless-steel-primary-crown-e-2nd-molar,3M Espe Stainless Steel Primary Crown E 2Nd Molar,3m Espe Stainless Steel Prima...,620.00,https://dentalstall.com/wp-content/uploads/2021/12/3m-Espe-Stainless-Steel-Primary-Crown-E-2nd-Molar.-3-300x300.jpg,https://dentalstall.com/shop/3m-espe-stainless-steel-primary-crown-e-2nd-molar/,620.00,2024-04-22 15:12:44
3m-espe-vitrebond-light-cure-glass-ionomer-liner-base-refills,3M Espe Vitrebond Light Cure Glass Ionomer Liner Base Refills,3m Espe Vitrebond Light Cure ...,2750.00,https://dentalstall.com/wp-content/uploads/2023/03/s-l300_1_5-300x300.jpg,https://dentalstall.com/shop/3m-espe-vitrebond-light-cure-glass-ionomer-liner-base-refills/,2750.00,2024-04-22 15:12:44
3m-espe-vitrebond-plus-light-cure-glass-ionomer-liner-base-clicker,3M Espe Vitrebond Plus Light Cure Glass Ionomer Liner Base Clicker,3M ESPE Vitrebond Plus Light ...,6900.00,https://dentalstall.com/wp-content/uploads/2023/04/3M-V0022__77402-300x300.jpg,https://dentalstall.com/shop/3m-espe-vitrebond-plus-light-cure-glass-ionomer-liner-base-clicker/,6900.00,2024-04-22 15:12:44
3m-espe-vps-tray-adhesive,3M Espe Vps Tray Adhesive,3m Espe Vps Tray Adhesive...,1495.00,https://dentalstall.com/wp-content/uploads/2023/03/vps_tray_adhesve_7307-300x300.jpg,https://dentalstall.com/shop/3m-espe-vps-tray-adhesive/,1495.00,2024-04-22 15:12:44
3m-unitek-alastik-bobbin-chain,3M Unitek Alastik Bobbin Chain,3M Unitek Alastik Bobbin Chai...,2790.00,https://dentalstall.com/wp-content/uploads/2021/12/3M-Unitek-Alastik-Bobbin-Chain-1-300x300.jpg,https://dentalstall.com/shop/3m-unitek-alastik-bobbin-chain/,2790.00,2024-04-22 15:12:44
3m-unitek-alastik-easy-to-tie-ligature-pack-of-100,3M Unitek Alastik Easy To Tie Ligature Pack Of 100,3M Unitek AlastiK Easy-To-Tie...,3230.00,https://dentalstall.com/wp-content/uploads/2021/12/3M-Unitek-AlastiK-Easy-To-Tie-Ligature-Pack-Of-100-1-300x300.jpg,https://dentalstall.com/shop/3m-unitek-alastik-easy-to-tie-ligature-pack-of-100/,3230.00,2024-04-22 15:12:44
3m-unitek-clarity-advanced-ceramic-brackets,3M Unitek Clarity Advanced Ceramic Brackets,3m Unitek Clarity Advanced Ce...,14350.00,https://dentalstall.com/wp-content/uploads/2021/12/3m_unitek_clarity_advanced_ceramic_brackets_1-300x300.jpg,https://dentalstall.com/shop/3m-unitek-clarity-advanced-ceramic-brackets/,14350.00,2024-04-22 15:12:44
3m-unitek-forsus-fatigue-resistant-device-ez2-module,3M Unitek Forsus Fatigue Resistant Device Ez2 Module,3m Unitek Forsus Fatigue Resi...,7750.00,https://dentalstall.com/wp-content/uploads/2021/12/3m-Unitek-Forsus-Fatigue-Resistant-Device-Ez2-Module-300x300.jpg,https://dentalstall.com/shop/3m-unitek-forsus-fatigue-resistant-device-ez2-module/,7750.00,2024-04-22 15:12:44
3m-unitek-forsus-fatigue-resistant-device-l-pin-module,3M Unitek Forsus Fatigue Resistant Device L Pin Module,3M Unitek Forsus Fatigue Resi...,6550.00,https://dentalstall.com/wp-content/uploads/2021/12/3m-Unitek-Forsus-Fatigue-Resistant-Device-L-Pin-Module.-1-300x300.jpg,https://dentalstall.com/shop/3m-unitek-forsus-fatigue-resistant-device-l-pin-module/,6550.00,2024-04-22 15:12:44
3m-unitek-gemini-metal-twin-brackets,3M Unitek Gemini Metal Twin Brackets,3m Unitek Gemini Metal Twin B...,3550.00,https://dentalstall.com/wp-content/uploads/2021/12/3m-Unitek-Gemini-Metal-Twin-Brackets-1.jpg,https://dentalstall.com/shop/3m-unitek-gemini-metal-twin-brackets/,3550.00,2024-04-22 15:12:44
3m-unitek-gemini-self-ligating-metal-bracket-mbt-022-5x5,3M Unitek Gemini Self Ligating Metal Bracket Mbt 022 5X5,3M Unitek Gemini Self Ligatin...,8180.00,https://dentalstall.com/wp-content/uploads/2021/12/3M-Unitek-Gemini-Self-Ligating-Metal-Bracket-MBT-022-5x5-1-300x300.jpg,https://dentalstall.com/shop/3m-unitek-gemini-self-ligating-metal-bracket-mbt-022-5x5/,8180.00,2024-04-22 15:12:44
3m-unitek-transbond-plus-colour-change-syringe-refill,3M Unitek Transbond Plus Colour Change Syringe Refill,3M Unitek Transbond Plus Colo...,3340.00,https://dentalstall.com/wp-content/uploads/2021/12/3M-Unitek-Transbond-Plus-Colour-Change-Syringe-Refill-300x300.jpg,https://dentalstall.com/shop/3m-unitek-transbond-plus-colour-change-syringe-refill/,3340.00,2024-04-22 15:12:44
3m-unitek-transbond-xt-adhesive-syringe-1-syr-pack,3M Unitek Transbond Xt Adhesive Syringe 1 Syr Pack,3M Unitek Transbond XT Adhesi...,2800.00,https://dentalstall.com/wp-content/uploads/2021/12/3M-Unitek-Transbond-XT-Adhesive-Syringe-1-Syr-Pack.-300x300.jpg,https://dentalstall.com/shop/3m-unitek-transbond-xt-adhesive-syringe-1-syr-pack/,2800.00,2024-04-22 15:12:44
3m-unitek-unite-adhesive-syringe,3M Unitek Unite Adhesive Syringe,3m Unitek Unite Adhesive Syri...,9560.00,https://dentalstall.com/wp-content/uploads/2021/12/3m-Unitek-Unite-Adhesive-Syringe-1.jpg,https://dentalstall.com/shop/3m-unitek-unite-adhesive-syringe/,9560.00,2024-04-22 15:12:44
3m-unitek-victory-series-twin-brackets,3M Unitek Victory Series Twin Brackets,3m Unitek Victory Series Twin...,5230.00,https://dentalstall.com/wp-content/uploads/2021/12/3m_unitek_victory_series_twin_brackets-300x300.jpg,https://dentalstall.com/shop/3m-unitek-victory-series-twin-brackets/,5230.00,2024-04-22 15:12:44
advance-biotech-osseomould,Advance Biotech Osseomould,Advance Biotech Osseomould...,2795.00,https://dentalstall.com/wp-content/uploads/2023/03/osseomold-advanced-biotech-300x300.jpg,https://dentalstall.com/shop/advance-biotech-osseomould/,2795.00,2024-04-22 15:12:44
advance-biotech-surgicoll-mesh,Advance Biotech Surgicoll Mesh,Advance Biotech Surgicoll Mes...,795.00,https://dentalstall.com/wp-content/uploads/2023/03/surgicoll-300x300.jpg,https://dentalstall.com/shop/advance-biotech-surgicoll-mesh/,795.00,2024-04-22 15:12:44
advanced-biotech-healiguide,Advanced Biotech Healiguide,Advanced Biotech Healiguide...,1670.00,https://dentalstall.com/wp-content/uploads/2023/03/healiguide-advanced-biotech-300x300.jpg,https://dentalstall.com/shop/advanced-biotech-healiguide/,1670.00,2024-04-22 15:12:44
advanced-biotech-hemocoll,Advanced Biotech Hemocoll,Advanced Biotech Hemocoll...,590.00,https://dentalstall.com/wp-content/uploads/2023/03/hemocoll-300x300.jpg,https://dentalstall.com/shop/advanced-biotech-hemocoll/,590.00,2024-04-22 15:12:44
advanced-biotech-osseograft-dmbm,Advanced Biotech Osseograft Dmbm,Advanced Biotech Osseograft D...,2795.00,https://dentalstall.com/wp-content/uploads/2023/03/osseograft_2.jpg,https://dentalstall.com/shop/advanced-biotech-osseograft-dmbm/,2795.00,2024-04-22 15:12:44
advanced-biotech-periodontal-plus-ab,Advanced Biotech Periodontal Plus Ab,Advanced Biotech Periodontal ...,785.00,https://dentalstall.com/wp-content/uploads/2023/03/ab_1-300x300.jpg,https://dentalstall.com/shop/advanced-biotech-periodontal-plus-ab/,785.00,2024-04-22 15:12:44
airotor-cartridge-nsk-type,Airotor Cartridge Nsk Type,Airotor Cartridge (NSK Type)...,175.00,https://dentalstall.com/wp-content/uploads/2023/02/adrsf-300x300.jpg,https://dentalstall.com/shop/airotor-cartridge-nsk-type/,175.00,2024-04-22 15:12:44
anabond-asep-rc,Anabond Asep Rc,Anabond Asep-Rc...,475.00,https://dentalstall.com/wp-content/uploads/2021/11/ANABOND-asep_rc_1_1.jpg,https://dentalstall.com/shop/anabond-asep-rc/,475.00,2024-04-22 15:12:44
anabond-blu-bite,Anabond Blu Bite,Anabond Blu-Bite...,730.00,https://dentalstall.com/wp-content/uploads/2021/11/anabond-blu-bite-1-300x300.jpg,https://dentalstall.com/shop/anabond-blu-bite/,730.00,2024-04-22 15:12:44
anabond-dentocal,Anabond Dentocal,Anabond Dentocal...,340.00,https://dentalstall.com/wp-content/uploads/2021/11/Anabond-Dentocal-scaled-300x300.jpg,https://dentalstall.com/shop/anabond-dentocal/,340.00,2024-04-22 15:12:44
anabond-desmear,Anabond Desmear,Anabond Desmear...,390.00,https://dentalstall.com/wp-content/uploads/2021/11/Anabond-Desmear-scaled-300x300.jpg,https://dentalstall.com/shop/anabond-desmear/,390.00,2024-04-22 15:12:44
anabond-endoprep-rc,Anabond Endoprep Rc,Anabond Endoprep-Rc...,340.00,https://dentalstall.com/wp-content/uploads/2021/11/products-endoprep-anabond-800x800-1-300x300.jpg,https://dentalstall.com/shop/anabond-endoprep-rc/,340.00,2024-04-22 15:12:44
anabond-orthofix-kit,Anabond Orthofix Kit,Anabond Orthofix Kit...,2330.00,https://dentalstall.com/wp-content/uploads/2023/01/untitled_design_8_-300x300.jpg,https://dentalstall.com/shop/anabond-orthofix-kit/,2330.00,2024-04-22 15:12:44
anabond-orthofix-light-cure-adhesive-kit,Anabond Orthofix Light Cure Adhesive Kit,Anabond Orthofix Light Cure A...,2090.00,https://dentalstall.com/wp-content/uploads/2023/01/orthofix-pack-of-4-300x300.jpg,https://dentalstall.com/shop/anabond-orthofix-light-cure-adhesive-kit/,2090.00,2024-04-22 15:12:44
anabond-stedman-germafin-neo,Anabond Stedman Germafin Neo,Anabond-Stedman Germafin Neo...,470.00,https://dentalstall.com/wp-content/uploads/2021/11/Anabond-Stedman-Germafin-Neo-300x300.jpg,https://dentalstall.com/shop/anabond-stedman-germafin-neo/,470.00,2024-04-22 15:12:44
anabond-stedman-yuseal-pit-fissure-sealant,Anabond Stedman Yuseal Pit Fissure Sealant,Anabond-Stedman Yuseal Pit ...,720.00,https://dentalstall.com/wp-content/uploads/2021/11/Anabond-Stedman-Yuseal-Pit-Fissure-Sealant-300x300.jpg,https://dentalstall.com/shop/anabond-stedman-yuseal-pit-fissure-sealant/,720.00,2024-04-22 15:12:44
angelus-bio-c-repair,Angelus Bio C Repair,Angelus Bio-C Repair...,1590.00,https://dentalstall.com/wp-content/uploads/2023/02/fdgfg-300x300.jpg,https://dentalstall.com/shop/angelus-bio-c-repair/,1590.00,2024-04-22 15:12:44
angelus-bio-c-sealer-bioceramic-root-canal-sealers,Angelus Bio C Sealer Bioceramic Root Canal Sealers,Angelus Bio-C Sealer Bioceram...,1565.00,https://dentalstall.com/wp-content/uploads/2023/02/bio_3-300x300.jpg,https://dentalstall.com/shop/angelus-bio-c-sealer-bioceramic-root-canal-sealers/,1565.00,2024-04-22 15:12:44
angelus-bio-c-temp,Angelus Bio C Temp,Angelus Bio-C Temp...,795.00,https://dentalstall.com/wp-content/uploads/2023/02/angelus-bio-c-temp_600x_crop_center_1_-300x300.jpg,https://dentalstall.com/shop/angelus-bio-c-temp/,795.00,2024-04-22 15:12:44
angelus-endodontic-ruler,Angelus Endodontic Ruler,Angelus Endodontic Ruler...,350.00,https://dentalstall.com/wp-content/uploads/2023/02/angelus_endodontic_ruler-300x300.jpg,https://dentalstall.com/shop/angelus-endodontic-ruler/,350.00,2024-04-22 15:12:44
angelus-endometric,Angelus Endometric,Angelus Endometric...,870.00,https://dentalstall.com/wp-content/uploads/2023/02/angelus_endometric1-300x300.jpg,https://dentalstall.com/shop/angelus-endometric/,870.00,2024-04-22 15:12:44
angelus-exacto-intro-kit,Angelus Exacto Intro Kit,Angelus Exacto Intro Kit...,6490.00,https://dentalstall.com/wp-content/uploads/2023/02/angelus_exacto_intro_kit-300x300.jpg,https://dentalstall.com/shop/angelus-exacto-intro-kit/,6490.00,2024-04-22 15:12:44
angelus-exacto-refill-pack,Angelus Exacto Refill Pack,Angelus Exacto Refill Pack...,2390.00,https://dentalstall.com/wp-content/uploads/2023/02/angelus_exacto_refill_pack1-300x300.jpg,https://dentalstall.com/shop/angelus-exacto-refill-pack/,2390.00,2024-04-22 15:12:44
angelus-exacto-trial-pack,Angelus Exacto Trial Pack,Angelus Exacto Trial Pack...,2695.00,https://dentalstall.com/wp-content/uploads/2023/02/angelus_exacto_trial_pack-300x300.jpg,https://dentalstall.com/shop/angelus-exacto-trial-pack/,2695.00,2024-04-22 15:12:44
angelus-flex-surgical-ejector,Angelus Flex Surgical Ejector,Angelus Flex Surgical Ejector...,2490.00,https://dentalstall.com/wp-content/uploads/2023/02/eedd333-300x300.jpg,https://dentalstall.com/shop/angelus-flex-surgical-ejector/,2490.00,2024-04-22 15:12:44
angelus-interlig-single-patient-strip,Angelus Interlig Single Patient Strip,Angelus Interlig Single Patie...,1180.00,https://dentalstall.com/wp-content/uploads/2023/02/angelus_interlig_single_patient_strip3-300x300.jpg,https://dentalstall.com/shop/angelus-interlig-single-patient-strip/,1180.00,2024-04-22 15:13:35
angelus-intermedium,Angelus Intermedium,Angelus Intermedium...,2990.00,https://dentalstall.com/wp-content/uploads/2023/02/140430intermedium-calibrating-ruler-for-gutta-percha-points-angelus-300x300.jpg,https://dentalstall.com/shop/angelus-intermedium/,2990.00,2024-04-22 15:13:35
angelus-mta-1-gm-white,Angelus Mta 1 Gm White,Angelus Mta – 1 Gm Whit...,3995.00,https://dentalstall.com/wp-content/uploads/2023/02/angelus_mta_-_1_gm_white3-300x300.png,https://dentalstall.com/shop/angelus-mta-1-gm-white/,3995.00,2024-04-22 15:13:35
angelus-mta-0-14gm,Angelus Mta 0 14Gm,Angelus MTA 0.14gm...,990.00,https://dentalstall.com/wp-content/uploads/2023/02/2021-03-25-300x300.jpg,https://dentalstall.com/shop/angelus-mta-0-14gm/,990.00,2024-04-22 15:13:35
angelus-mta-applicator,Angelus Mta Applicator,Angelus Mta Applicator...,5495.00,https://dentalstall.com/wp-content/uploads/2023/02/fdsvdsfds-300x300.jpg,https://dentalstall.com/shop/angelus-mta-applicator/,5495.00,2024-04-22 15:13:35
angelus-mta-fillapex-small-tube-12gm,Angelus Mta Fillapex Small Tube 12Gm,Angelus Mta Fillapex Small Tu...,3995.00,https://dentalstall.com/wp-content/uploads/2023/02/angelus_mta_fillapex_small_tube_12gm3-300x300.jpg,https://dentalstall.com/shop/angelus-mta-fillapex-small-tube-12gm/,3995.00,2024-04-22 15:13:35
angelus-mta-fillapex-smartmix-syringe-4-gm,Angelus Mta Fillapex Smartmix Syringe 4 Gm,Angelus MTA Fillapex Smartmix...,2550.00,https://dentalstall.com/wp-content/uploads/2023/02/angelus_mta_fillapex_smartmix_syringe_4_gm_-300x300.jpg,https://dentalstall.com/shop/angelus-mta-fillapex-smartmix-syringe-4-gm/,2550.00,2024-04-22 15:13:35
angelus-mz-primer,Angelus Mz Primer,Angelus MZ Primer...,3470.00,https://dentalstall.com/wp-content/uploads/2023/02/angelus_mz_primer-300x300.jpg,https://dentalstall.com/shop/angelus-mz-primer/,3470.00,2024-04-22 15:13:35
angelus-pinjet-5002,Angelus Pinjet 5002,Angelus Pinjet (5002)...,600.00,https://dentalstall.com/wp-content/uploads/2023/02/angelus_pinjet_5002_5-300x300.jpg,https://dentalstall.com/shop/angelus-pinjet-5002/,600.00,2024-04-22 15:13:35
angelus-porcelain-conditioner,Angelus Porcelain Conditioner,Angelus Porcelain Conditioner...,745.00,https://dentalstall.com/wp-content/uploads/2023/02/123_5-300x300.jpg,https://dentalstall.com/shop/angelus-porcelain-conditioner/,745.00,2024-04-22 15:13:35
angelus-reforpin-universal-pack,Angelus Reforpin Universal Pack,Angelus Reforpin Universal Pa...,585.00,https://dentalstall.com/wp-content/uploads/2023/02/reforpin_5-300x300.jpg,https://dentalstall.com/shop/angelus-reforpin-universal-pack/,585.00,2024-04-22 15:13:35
angelus-reforpost-carbon-fiber-refill,Angelus Reforpost Carbon Fiber Refill,Angelus Reforpost Carbon Fibe...,1325.00,https://dentalstall.com/wp-content/uploads/2023/02/angelus_reforpost_carbon_fiber_-_refill1-300x300.jpg,https://dentalstall.com/shop/angelus-reforpost-carbon-fiber-refill/,1325.00,2024-04-22 15:13:35
angelus-reforpost-fibre-glass-refill,Angelus Reforpost Fibre Glass Refill,Angelus Reforpost Fibre Glass...,2050.00,https://dentalstall.com/wp-content/uploads/2023/02/angelus_reforpost_fibre_glass_-_refill2-300x300.jpg,https://dentalstall.com/shop/angelus-reforpost-fibre-glass-refill/,2050.00,2024-04-22 15:13:35
angelus-reforpost-fibre-glass-kit,Angelus Reforpost Fibre Glass Kit,Angelus Reforpost Fibre Glass...,2650.00,https://dentalstall.com/wp-content/uploads/2023/02/30kit-300x300.jpg,https://dentalstall.com/shop/angelus-reforpost-fibre-glass-kit/,2650.00,2024-04-22 15:13:35
angelus-reforpost-key,Angelus Reforpost Key,Angelus Reforpost Key...,510.00,https://dentalstall.com/wp-content/uploads/2023/02/angelus-reforpost-key-300x300.jpg,https://dentalstall.com/shop/angelus-reforpost-key/,510.00,2024-04-22 15:13:35
angelus-reforpost-metallic-refill,Angelus Reforpost Metallic Refill,Angelus Reforpost Metallic Re...,660.00,https://dentalstall.com/wp-content/uploads/2023/02/angelus_reforpost_metallic_refill4-300x300.jpg,https://dentalstall.com/shop/angelus-reforpost-metallic-refill/,660.00,2024-04-22 15:13:35
angelus-reforpost-mix-refill,Angelus Reforpost Mix Refill,Angelus Reforpost Mix –...,1325.00,https://dentalstall.com/wp-content/uploads/2023/02/ANGE01_REFO05_01_001_7-300x300.jpg,https://dentalstall.com/shop/angelus-reforpost-mix-refill/,1325.00,2024-04-22 15:13:35
angelus-repair-kit,Angelus Repair Kit,Angelus Repair Kit...,2955.00,https://dentalstall.com/wp-content/uploads/2023/02/angelus_repair_kit-300x300.jpg,https://dentalstall.com/shop/angelus-repair-kit/,2955.00,2024-04-22 15:13:35
angelus-silano,Angelus Silano,Angelus Silano...,1130.00,https://dentalstall.com/wp-content/uploads/2023/02/silano_1-300x300.jpg,https://dentalstall.com/shop/angelus-silano/,1130.00,2024-04-22 15:13:35
angelus-syringe-sleeve,Angelus Syringe Sleeve,Angelus Syringe Sleeve...,1465.00,https://dentalstall.com/wp-content/uploads/2023/02/angelus-syringe-sleeve-300x300.jpg,https://dentalstall.com/shop/angelus-syringe-sleeve/,1465.00,2024-04-22 15:13:35
api-allis-forceps,Api Allis Forceps,API Allis Forceps...,525.00,https://dentalstall.com/wp-content/uploads/2023/05/api12-300x300.jpg,https://dentalstall.com/shop/api-allis-forceps/,525.00,2024-04-22 15:13:35
api-amalgam-carrier,Api Amalgam Carrier,API Amalgam Carrier...,730.00,https://dentalstall.com/wp-content/uploads/2023/05/arjun_1-300x300.jpg,https://dentalstall.com/shop/api-amalgam-carrier/,730.00,2024-04-22 15:13:35
api-amalgam-well,Api Amalgam Well,API Amalgam Well...,1050.00,https://dentalstall.com/wp-content/uploads/2023/05/api13.jpg,https://dentalstall.com/shop/api-amalgam-well/,1050.00,2024-04-22 15:13:35
api-artery-forceps,Api Artery Forceps,API Artery Forceps...,395.00,https://dentalstall.com/wp-content/uploads/2023/05/18a-300x300.jpg,https://dentalstall.com/shop/api-artery-forceps/,395.00,2024-04-22 15:13:35
advance-biotech-surgicoll-mesh,Advance Biotech Surgicoll Mesh,Advance Biotech Surgicoll Mes...,795.00,https://dentalstall.com/wp-content/uploads/2023/03/surgicoll-300x300.jpg,https://dentalstall.com/shop/advance-biotech-surgicoll-mesh/,795.00,2024-04-22 15:19:04
advanced-biotech-healiguide,Advanced Biotech Healiguide,Advanced Biotech Healiguide...,1670.00,https://dentalstall.com/wp-content/uploads/2023/03/healiguide-advanced-biotech-300x300.jpg,https://dentalstall.com/shop/advanced-biotech-healiguide/,1670.00,2024-04-22 15:19:04
advanced-biotech-hemocoll,Advanced Biotech Hemocoll,Advanced Biotech Hemocoll...,590.00,https://dentalstall.com/wp-content/uploads/2023/03/hemocoll-300x300.jpg,https://dentalstall.com/shop/advanced-biotech-hemocoll/,590.00,2024-04-22 15:19:04
advanced-biotech-osseograft-dmbm,Advanced Biotech Osseograft Dmbm,Advanced Biotech Osseograft D...,2795.00,https://dentalstall.com/wp-content/uploads/2023/03/osseograft_2.jpg,https://dentalstall.com/shop/advanced-biotech-osseograft-dmbm/,2795.00,2024-04-22 15:19:04
advanced-biotech-periodontal-plus-ab,Advanced Biotech Periodontal Plus Ab,Advanced Biotech Periodontal ...,785.00,https://dentalstall.com/wp-content/uploads/2023/03/ab_1-300x300.jpg,https://dentalstall.com/shop/advanced-biotech-periodontal-plus-ab/,785.00,2024-04-22 15:19:04
airotor-cartridge-nsk-type,Airotor Cartridge Nsk Type,Airotor Cartridge (NSK Type)...,175.00,https://dentalstall.com/wp-content/uploads/2023/02/adrsf-300x300.jpg,https://dentalstall.com/shop/airotor-cartridge-nsk-type/,175.00,2024-04-22 15:19:04
anabond-asep-rc,Anabond Asep Rc,Anabond Asep-Rc...,475.00,https://dentalstall.com/wp-content/uploads/2021/11/ANABOND-asep_rc_1_1.jpg,https://dentalstall.com/shop/anabond-asep-rc/,475.00,2024-04-22 15:19:04
anabond-blu-bite,Anabond Blu Bite,Anabond Blu-Bite...,730.00,https://dentalstall.com/wp-content/uploads/2021/11/anabond-blu-bite-1-300x300.jpg,https://dentalstall.com/shop/anabond-blu-bite/,730.00,2024-04-22 15:19:04
anabond-dentocal,Anabond Dentocal,Anabond Dentocal...,340.00,https://dentalstall.com/wp-content/uploads/2021/11/Anabond-Dentocal-scaled-300x300.jpg,https://dentalstall.com/shop/anabond-dentocal/,340.00,2024-04-22 15:19:04
anabond-desmear,Anabond Desmear,Anabond Desmear...,390.00,https://dentalstall.com/wp-content/uploads/2021/11/Anabond-Desmear-scaled-300x300.jpg,https://dentalstall.com/shop/anabond-desmear/,390.00,2024-04-22 15:19:04
anabond-endoprep-rc,Anabond Endoprep Rc,Anabond Endoprep-Rc...,340.00,https://dentalstall.com/wp-content/uploads/2021/11/products-endoprep-anabond-800x800-1-300x300.jpg,https://dentalstall.com/shop/anabond-endoprep-rc/,340.00,2024-04-22 15:19:04
anabond-orthofix-kit,Anabond Orthofix Kit,Anabond Orthofix Kit...,2330.00,https://dentalstall.com/wp-content/uploads/2023/01/untitled_design_8_-300x300.jpg,https://dentalstall.com/shop/anabond-orthofix-kit/,2330.00,2024-04-22 15:19:04
anabond-orthofix-light-cure-adhesive-kit,Anabond Orthofix Light Cure Adhesive Kit,Anabond Orthofix Light Cure A...,2090.00,https://dentalstall.com/wp-content/uploads/2023/01/orthofix-pack-of-4-300x300.jpg,https://dentalstall.com/shop/anabond-orthofix-light-cure-adhesive-kit/,2090.00,2024-04-22 15:19:04
anabond-stedman-germafin-neo,Anabond Stedman Germafin Neo,Anabond-Stedman Germafin Neo...,470.00,https://dentalstall.com/wp-content/uploads/2021/11/Anabond-Stedman-Germafin-Neo-300x300.jpg,https://dentalstall.com/shop/anabond-stedman-germafin-neo/,470.00,2024-04-22 15:19:04
anabond-stedman-yuseal-pit-fissure-sealant,Anabond Stedman Yuseal Pit Fissure Sealant,Anabond-Stedman Yuseal Pit ...,720.00,https://dentalstall.com/wp-content/uploads/2021/11/Anabond-Stedman-Yuseal-Pit-Fissure-Sealant-300x300.jpg,https://dentalstall.com/shop/anabond-stedman-yuseal-pit-fissure-sealant/,720.00,2024-04-22 15:19:04
angelus-bio-c-repair,Angelus Bio C Repair,Angelus Bio-C Repair...,1590.00,https://dentalstall.com/wp-content/uploads/2023/02/fdgfg-300x300.jpg,https://dentalstall.com/shop/angelus-bio-c-repair/,1590.00,2024-04-22 15:19:04
angelus-bio-c-sealer-bioceramic-root-canal-sealers,Angelus Bio C Sealer Bioceramic Root Canal Sealers,Angelus Bio-C Sealer Bioceram...,1565.00,https://dentalstall.com/wp-content/uploads/2023/02/bio_3-300x300.jpg,https://dentalstall.com/shop/angelus-bio-c-sealer-bioceramic-root-canal-sealers/,1565.00,2024-04-22 15:19:04
angelus-bio-c-temp,Angelus Bio C Temp,Angelus Bio-C Temp...,795.00,https://dentalstall.com/wp-content/uploads/2023/02/angelus-bio-c-temp_600x_crop_center_1_-300x300.jpg,https://dentalstall.com/shop/angelus-bio-c-temp/,795.00,2024-04-22 15:19:04
angelus-endodontic-ruler,Angelus Endodontic Ruler,Angelus Endodontic Ruler...,350.00,https://dentalstall.com/wp-content/uploads/2023/02/angelus_endodontic_ruler-300x300.jpg,https://dentalstall.com/shop/angelus-endodontic-ruler/,350.00,2024-04-22 15:19:04
angelus-endometric,Angelus Endometric,Angelus Endometric...,870.00,https://dentalstall.com/wp-content/uploads/2023/02/angelus_endometric1-300x300.jpg,https://dentalstall.com/shop/angelus-endometric/,870.00,2024-04-22 15:19:04
angelus-exacto-intro-kit,Angelus Exacto Intro Kit,Angelus Exacto Intro Kit...,6490.00,https://dentalstall.com/wp-content/uploads/2023/02/angelus_exacto_intro_kit-300x300.jpg,https://dentalstall.com/shop/angelus-exacto-intro-kit/,6490.00,2024-04-22 15:19:04
angelus-exacto-refill-pack,Angelus Exacto Refill Pack,Angelus Exacto Refill Pack...,2390.00,https://dentalstall.com/wp-content/uploads/2023/02/angelus_exacto_refill_pack1-300x300.jpg,https://dentalstall.com/shop/angelus-exacto-refill-pack/,2390.00,2024-04-22 15:19:04
angelus-exacto-trial-pack,Angelus Exacto Trial Pack,Angelus Exacto Trial Pack...,2695.00,https://dentalstall.com/wp-content/uploads/2023/02/angelus_exacto_trial_pack-300x300.jpg,https://dentalstall.com/shop/angelus-exacto-trial-pack/,2695.00,2024-04-22 15:19:04
angelus-flex-surgical-ejector,Angelus Flex Surgical Ejector,Angelus Flex Surgical Ejector...,2490.00,https://dentalstall.com/wp-content/uploads/2023/02/eedd333-300x300.jpg,https://dentalstall.com/shop/angelus-flex-surgical-ejector/,2490.00,2024-04-22 15:19:04
angelus-interlig-single-patient-strip,Angelus Interlig Single Patient Strip,Angelus Interlig Single Patie...,1180.00,https://dentalstall.com/wp-content/uploads/2023/02/angelus_interlig_single_patient_strip3-300x300.jpg,https://dentalstall.com/shop/angelus-interlig-single-patient-strip/,1180.00,2024-04-22 15:19:04
angelus-intermedium,Angelus Intermedium,Angelus Intermedium...,2990.00,https://dentalstall.com/wp-content/uploads/2023/02/140430intermedium-calibrating-ruler-for-gutta-percha-points-angelus-300x300.jpg,https://dentalstall.com/shop/angelus-intermedium/,2990.00,2024-04-22 15:19:04
angelus-mta-1-gm-white,Angelus Mta 1 Gm White,Angelus Mta – 1 Gm Whit...,3995.00,https://dentalstall.com/wp-content/uploads/2023/02/angelus_mta_-_1_gm_white3-300x300.png,https://dentalstall.com/shop/angelus-mta-1-gm-white/,3995.00,2024-04-22 15:19:04
angelus-mta-0-14gm,Angelus Mta 0 14Gm,Angelus MTA 0.14gm...,990.00,https://dentalstall.com/wp-content/uploads/2023/02/2021-03-25-300x300.jpg,https://dentalstall.com/shop/angelus-mta-0-14gm/,990.00,2024-04-22 15:19:04
angelus-mta-applicator,Angelus Mta Applicator,Angelus Mta Applicator...,5495.00,https://dentalstall.com/wp-content/uploads/2023/02/fdsvdsfds-300x300.jpg,https://dentalstall.com/shop/angelus-mta-applicator/,5495.00,2024-04-22 15:19:04
angelus-mta-fillapex-small-tube-12gm,Angelus Mta Fillapex Small Tube 12Gm,Angelus Mta Fillapex Small Tu...,3995.00,https://dentalstall.com/wp-content/uploads/2023/02/angelus_mta_fillapex_small_tube_12gm3-300x300.jpg,https://dentalstall.com/shop/angelus-mta-fillapex-small-tube-12gm/,3995.00,2024-04-22 15:19:04
angelus-mta-fillapex-smartmix-syringe-4-gm,Angelus Mta Fillapex Smartmix Syringe 4 Gm,Angelus MTA Fillapex Smartmix...,2550.00,https://dentalstall.com/wp-content/uploads/2023/02/angelus_mta_fillapex_smartmix_syringe_4_gm_-300x300.jpg,https://dentalstall.com/shop/angelus-mta-fillapex-smartmix-syringe-4-gm/,2550.00,2024-04-22 15:19:04
angelus-mz-primer,Angelus Mz Primer,Angelus MZ Primer...,3470.00,https://dentalstall.com/wp-content/uploads/2023/02/angelus_mz_primer-300x300.jpg,https://dentalstall.com/shop/angelus-mz-primer/,3470.00,2024-04-22 15:19:04
angelus-pinjet-5002,Angelus Pinjet 5002,Angelus Pinjet (5002)...,600.00,https://dentalstall.com/wp-content/uploads/2023/02/angelus_pinjet_5002_5-300x300.jpg,https://dentalstall.com/shop/angelus-pinjet-5002/,600.00,2024-04-22 15:19:04
angelus-porcelain-conditioner,Angelus Porcelain Conditioner,Angelus Porcelain Conditioner...,745.00,https://dentalstall.com/wp-content/uploads/2023/02/123_5-300x300.jpg,https://dentalstall.com/shop/angelus-porcelain-conditioner/,745.00,2024-04-22 15:19:04
angelus-reforpin-universal-pack,Angelus Reforpin Universal Pack,Angelus Reforpin Universal Pa...,585.00,https://dentalstall.com/wp-content/uploads/2023/02/reforpin_5-300x300.jpg,https://dentalstall.com/shop/angelus-reforpin-universal-pack/,585.00,2024-04-22 15:19:04
angelus-reforpost-carbon-fiber-refill,Angelus Reforpost Carbon Fiber Refill,Angelus Reforpost Carbon Fibe...,1325.00,https://dentalstall.com/wp-content/uploads/2023/02/angelus_reforpost_carbon_fiber_-_refill1-300x300.jpg,https://dentalstall.com/shop/angelus-reforpost-carbon-fiber-refill/,1325.00,2024-04-22 15:19:04
angelus-reforpost-fibre-glass-refill,Angelus Reforpost Fibre Glass Refill,Angelus Reforpost Fibre Glass...,2050.00,https://dentalstall.com/wp-content/uploads/2023/02/angelus_reforpost_fibre_glass_-_refill2-300x300.jpg,https://dentalstall.com/shop/angelus-reforpost-fibre-glass-refill/,2050.00,2024-04-22 15:19:04
angelus-reforpost-fibre-glass-kit,Angelus Reforpost Fibre Glass Kit,Angelus Reforpost Fibre Glass...,2650.00,https://dentalstall.com/wp-content/uploads/2023/02/30kit-300x300.jpg,https://dentalstall.com/shop/angelus-reforpost-fibre-glass-kit/,2650.00,2024-04-22 15:19:04
angelus-reforpost-key,Angelus Reforpost Key,Angelus Reforpost Key...,510.00,https://dentalstall.com/wp-content/uploads/2023/02/angelus-reforpost-key-300x300.jpg,https://dentalstall.com/shop/angelus-reforpost-key/,510.00,2024-04-22 15:19:04
angelus-reforpost-metallic-refill,Angelus Reforpost Metallic Refill,Angelus Reforpost Metallic Re...,660.00,https://dentalstall.com/wp-content/uploads/2023/02/angelus_reforpost_metallic_refill4-300x300.jpg,https://dentalstall.com/shop/angelus-reforpost-metallic-refill/,660.00,2024-04-22 15:19:04
angelus-reforpost-mix-refill,Angelus Reforpost Mix Refill,Angelus Reforpost Mix –...,1325.00,https://dentalstall.com/wp-content/uploads/2023/02/ANGE01_REFO05_01_001_7-300x300.jpg,https://dentalstall.com/shop/angelus-reforpost-mix-refill/,1325.00,2024-04-22 15:19:04
angelus-repair-kit,Angelus Repair Kit,Angelus Repair Kit...,2955.00,https://dentalstall.com/wp-content/uploads/2023/02/angelus_repair_kit-300x300.jpg,https://dentalstall.com/shop/angelus-repair-kit/,2955.00,2024-04-22 15:19:04
angelus-silano,Angelus Silano,Angelus Silano...,1130.00,https://dentalstall.com/wp-content/uploads/2023/02/silano_1-300x300.jpg,https://dentalstall.com/shop/angelus-silano/,1130.00,2024-04-22 15:19:04
angelus-syringe-sleeve,Angelus Syringe Sleeve,Angelus Syringe Sleeve...,1465.00,https://dentalstall.com/wp-content/uploads/2023/02/angelus-syringe-sleeve-300x300.jpg,https://dentalstall.com/shop/angelus-syringe-sleeve/,1465.00,2024-04-22 15:19:04
api-allis-forceps,Api Allis Forceps,API Allis Forceps...,525.00,https://dentalstall.com/wp-content/uploads/2023/05/api12-300x300.jpg,https://dentalstall.com/shop/api-allis-forceps/,525.00,2024-04-22 15:19:04
api-amalgam-carrier,Api Amalgam Carrier,API Amalgam Carrier...,730.00,https://dentalstall.com/wp-content/uploads/2023/05/arjun_1-300x300.jpg,https://dentalstall.com/shop/api-amalgam-carrier/,730.00,2024-04-22 15:19:04
api-amalgam-well,Api Amalgam Well,API Amalgam Well...,1050.00,https://dentalstall.com/wp-content/uploads/2023/05/api13.jpg,https://dentalstall.com/shop/api-amalgam-well/,1050.00,2024-04-22 15:19:04
api-artery-forceps,Api Artery Forceps,API Artery Forceps...,395.00,https://dentalstall.com/wp-content/uploads/2023/05/18a-300x300.jpg,https://dentalstall.com/shop/api-artery-forceps/,395.00,2024-04-22 15:19:04
